{
  "current_price": 1.1641442775726318,
  "predicted_next_day": 315572.9375,
  "predicted_change_pct": 27107617.108570434,
  "prediction_date": "2025-12-09 15:11:39"
}