{
  "current_price": 1.1641442775726318,
  "predicted_next_day": 1.1459319591522217,
  "predicted_change_pct": -1.5644382548857976,
  "prediction_date": "2025-12-09 17:23:18"
}